<?xml version="1.0" encoding="UTF-8" standalone="yes"?>
<addon id="script.video.parentalcontrols" name="Parental Controls" version="1.4.1" provider-name="killdash9">
  <requires>
    <import addon="xbmc.python" version="2.0"/>
  </requires>
  <extension point="xbmc.python.script" library="resources/lib/parentalcontrols/settings.py">
    <provides>executable</provides>
  </extension>
  <extension point="xbmc.service" library="resources/lib/parentalcontrols/service.py" start="login">
  </extension>
  <extension point="xbmc.python.module"
             library="resources/lib" />
  <extension point="xbmc.addon.metadata">
    <summary lang="en">Parental Controls</summary>
    <description lang="en">A parental controls addon.  Works only with sources that provide ratings such as HULU.</description>
    <platform>all</platform>
  </extension>
  <extension point="xbmc.addon.repository"
              name="XBMC Parental Controls Repository">
    <info compressed="false">https://github.com/killdash9/xbmc-parental-controls/raw/master/addons.xml</info>
    <checksum>https://github.com/killdash9/xbmc-parental-controls/raw/master/repo/addons.xml.md5</checksum>
    <datadir zip="true">https://github.com/killdash9/xbmc-parental-controls/raw/master/repo</datadir>
  </extension>
</addon>
